ID,median_house_value
1,1.6486647854532528
2,11.373743768023573
3,3.917499421676183
4,40.65653210566637
5,50.403559919180594
